ALTER TABLE public.branches ADD COLUMN IF NOT EXISTS is_demo boolean NOT NULL DEFAULT false;

-- Демо-филиал
INSERT INTO public.branches (
  id, name, address, phone, is_active, sort_order, email,
  kkt_url, kkt_tax_system, kkt_vat, kkt_operator_name, kkt_operator_inn,
  kkt_model, kkt_payments_place, kkt_payments_address, is_demo
) VALUES (
  '11111111-1111-1111-1111-111111111111',
  '🧪 Демо-филиал (тест ККТ)',
  'г. Москва, ул. Демонстрационная, 1',
  '+7 (999) 999-99-99',
  true,
  99,
  'demo@sushi-cosmo.ru',
  'demo://atol',
  'usn_income',
  'none',
  'Демо Кассир',
  '123456789012',
  'АТОЛ Демо',
  'Демо-филиал',
  'г. Москва, ул. Демонстрационная, 1',
  true
)
ON CONFLICT (id) DO UPDATE SET
  name = EXCLUDED.name,
  kkt_url = EXCLUDED.kkt_url,
  is_demo = true;

-- Демо-категории
INSERT INTO public.categories (id, name, slug, sort_order, is_active) VALUES
  ('c1111111-1111-1111-1111-111111111111', 'Демо: Роллы', 'demo-rolls', 91, true),
  ('c2222222-2222-2222-2222-222222222222', 'Демо: Суши', 'demo-sushi', 92, true),
  ('c3333333-3333-3333-3333-333333333333', 'Демо: Сеты', 'demo-sets', 93, true),
  ('c4444444-4444-4444-4444-444444444444', 'Демо: Напитки', 'demo-drinks', 94, true)
ON CONFLICT DO NOTHING;

-- Демо-ингредиенты
INSERT INTO public.ingredients (id, name, unit, stock, min_stock, cost_price, is_prepared, prep_yield) VALUES
  ('a1111111-1111-1111-1111-111111111111', 'Рис для суши', 'г', 5000, 500, 15, false, 1),
  ('a2222222-2222-2222-2222-222222222222', 'Нори (водоросли)', 'шт', 200, 20, 8, false, 1),
  ('a3333333-3333-3333-3333-333333333333', 'Лосось свежий', 'г', 3000, 300, 120, false, 1),
  ('a4444444-4444-4444-4444-444444444444', 'Авокадо', 'г', 2000, 200, 60, false, 1),
  ('a5555555-5555-5555-5555-555555555555', 'Сыр сливочный', 'г', 1500, 150, 45, false, 1),
  ('a6666666-6666-6666-6666-666666666666', 'Огурец', 'г', 2000, 200, 20, false, 1),
  ('a7777777-7777-7777-7777-777777777777', 'Тунец', 'г', 1500, 150, 140, false, 1),
  ('a8888888-8888-8888-8888-888888888888', 'Икра тобико', 'г', 500, 50, 250, false, 1),
  ('a9999999-9999-9999-9999-999999999999', 'Васаби', 'г', 300, 30, 30, false, 1),
  ('baaaaaaa-aaaa-aaaa-aaaa-aaaaaaaaaaaa', 'Имбирь маринованный', 'г', 500, 50, 25, false, 1),
  ('bbbbbbbb-bbbb-bbbb-bbbb-bbbbbbbbbbbb', 'Соевый соус порционный', 'шт', 300, 30, 5, false, 1),
  ('bccccccc-cccc-cccc-cccc-cccccccccccc', 'Угорь копчёный', 'г', 1000, 100, 180, false, 1),
  ('bddddddd-dddd-dddd-dddd-dddddddddddd', 'Креветка тигровая', 'г', 1200, 120, 150, false, 1),
  ('beeeeeee-eeee-eeee-eeee-eeeeeeeeeeee', 'Coca-Cola 0.5л', 'шт', 100, 10, 35, false, 1)
ON CONFLICT (id) DO NOTHING;

-- Демо-товары (writeoff_mode = 'ingredients' — списывать по рецепту)
INSERT INTO public.products (
  id, name, price, category_id, is_active, in_stock, sort_order, writeoff_mode,
  description, weight, unit, is_addon, is_recommended, is_semi_product, tags
) VALUES
  ('b1111111-1111-1111-1111-111111111111', 'Филадельфия классик', 420, 'c1111111-1111-1111-1111-111111111111', true, true, 1, 'ingredients',
   'Лосось, сливочный сыр, авокадо, огурец', '220', 'шт', false, true, false, '{}'),
  ('b2222222-2222-2222-2222-222222222222', 'Калифорния с лососем', 380, 'c1111111-1111-1111-1111-111111111111', true, true, 2, 'ingredients',
   'Лосось, авокадо, огурец, икра тобико', '200', 'шт', false, true, false, '{}'),
  ('b3333333-3333-3333-3333-333333333333', 'Дракон ролл', 450, 'c1111111-1111-1111-1111-111111111111', true, true, 3, 'ingredients',
   'Угорь, авокадо, огурец, соус унаги', '240', 'шт', false, false, false, '{}'),
  ('b4444444-4444-4444-4444-444444444444', 'Суши лосось', 95, 'c2222222-2222-2222-2222-222222222222', true, true, 1, 'ingredients',
   'Свежий лосось на рисе', '35', 'шт', false, false, false, '{}'),
  ('b5555555-5555-5555-5555-555555555555', 'Суши тунец', 110, 'c2222222-2222-2222-2222-222222222222', true, true, 2, 'ingredients',
   'Свежий тунец на рисе', '35', 'шт', false, false, false, '{}'),
  ('b6666666-6666-6666-6666-666666666666', 'Сет "Семейный"', 1290, 'c3333333-3333-3333-3333-333333333333', true, true, 1, 'ingredients',
   'Филадельфия, Калифорния, Дракон, Суши лосось ×2', '850', 'шт', false, true, false, '{}'),
  ('b7777777-7777-7777-7777-777777777777', 'Coca-Cola 0.5л', 120, 'c4444444-4444-4444-4444-444444444444', true, true, 1, 'self',
   'Холодный напиток', '0.5', 'шт', false, false, false, '{}')
ON CONFLICT (id) DO NOTHING;

-- Демо-рецепты
INSERT INTO public.recipes (product_id, ingredient_id, qty) VALUES
  ('b1111111-1111-1111-1111-111111111111', 'a1111111-1111-1111-1111-111111111111', 120),
  ('b1111111-1111-1111-1111-111111111111', 'a2222222-2222-2222-2222-222222222222', 1),
  ('b1111111-1111-1111-1111-111111111111', 'a3333333-3333-3333-3333-333333333333', 60),
  ('b1111111-1111-1111-1111-111111111111', 'a4444444-4444-4444-4444-444444444444', 40),
  ('b1111111-1111-1111-1111-111111111111', 'a5555555-5555-5555-5555-555555555555', 30),
  ('b1111111-1111-1111-1111-111111111111', 'a6666666-6666-6666-6666-666666666666', 30),

  ('b2222222-2222-2222-2222-222222222222', 'a1111111-1111-1111-1111-111111111111', 100),
  ('b2222222-2222-2222-2222-222222222222', 'a2222222-2222-2222-2222-222222222222', 1),
  ('b2222222-2222-2222-2222-222222222222', 'a3333333-3333-3333-3333-333333333333', 50),
  ('b2222222-2222-2222-2222-222222222222', 'a4444444-4444-4444-4444-444444444444', 35),
  ('b2222222-2222-2222-2222-222222222222', 'a6666666-6666-6666-6666-666666666666', 25),
  ('b2222222-2222-2222-2222-222222222222', 'a8888888-8888-8888-8888-888888888888', 10),

  ('b3333333-3333-3333-3333-333333333333', 'a1111111-1111-1111-1111-111111111111', 110),
  ('b3333333-3333-3333-3333-333333333333', 'a2222222-2222-2222-2222-222222222222', 1),
  ('b3333333-3333-3333-3333-333333333333', 'bccccccc-cccc-cccc-cccc-cccccccccccc', 50),
  ('b3333333-3333-3333-3333-333333333333', 'a4444444-4444-4444-4444-444444444444', 35),
  ('b3333333-3333-3333-3333-333333333333', 'a6666666-6666-6666-6666-666666666666', 25),

  ('b4444444-4444-4444-4444-444444444444', 'a1111111-1111-1111-1111-111111111111', 25),
  ('b4444444-4444-4444-4444-444444444444', 'a3333333-3333-3333-3333-333333333333', 25),

  ('b5555555-5555-5555-5555-555555555555', 'a1111111-1111-1111-1111-111111111111', 25),
  ('b5555555-5555-5555-5555-555555555555', 'a7777777-7777-7777-7777-777777777777', 25),

  ('b6666666-6666-6666-6666-666666666666', 'b1111111-1111-1111-1111-111111111111', 1),
  ('b6666666-6666-6666-6666-666666666666', 'b2222222-2222-2222-2222-222222222222', 1),
  ('b6666666-6666-6666-6666-666666666666', 'b3333333-3333-3333-3333-333333333333', 1),
  ('b6666666-6666-6666-6666-666666666666', 'b4444444-4444-4444-4444-444444444444', 2)
ON CONFLICT DO NOTHING;

-- Демо-остатки товаров
INSERT INTO public.branch_product_stock (branch_id, product_id, stock, min_stock) VALUES
  ('11111111-1111-1111-1111-111111111111', 'b7777777-7777-7777-7777-777777777777', 50, 5)
ON CONFLICT (branch_id, product_id) DO UPDATE SET stock = EXCLUDED.stock;

-- Демо-остатки ингредиентов
INSERT INTO public.branch_stock (branch_id, ingredient_id, stock, min_stock) VALUES
  ('11111111-1111-1111-1111-111111111111', 'a1111111-1111-1111-1111-111111111111', 5000, 500),
  ('11111111-1111-1111-1111-111111111111', 'a2222222-2222-2222-2222-222222222222', 200, 20),
  ('11111111-1111-1111-1111-111111111111', 'a3333333-3333-3333-3333-333333333333', 3000, 300),
  ('11111111-1111-1111-1111-111111111111', 'a4444444-4444-4444-4444-444444444444', 2000, 200),
  ('11111111-1111-1111-1111-111111111111', 'a5555555-5555-5555-5555-555555555555', 1500, 150),
  ('11111111-1111-1111-1111-111111111111', 'a6666666-6666-6666-6666-666666666666', 2000, 200),
  ('11111111-1111-1111-1111-111111111111', 'a7777777-7777-7777-7777-777777777777', 1500, 150),
  ('11111111-1111-1111-1111-111111111111', 'a8888888-8888-8888-8888-888888888888', 500, 50),
  ('11111111-1111-1111-1111-111111111111', 'a9999999-9999-9999-9999-999999999999', 300, 30),
  ('11111111-1111-1111-1111-111111111111', 'baaaaaaa-aaaa-aaaa-aaaa-aaaaaaaaaaaa', 500, 50),
  ('11111111-1111-1111-1111-111111111111', 'bbbbbbbb-bbbb-bbbb-bbbb-bbbbbbbbbbbb', 300, 30),
  ('11111111-1111-1111-1111-111111111111', 'bccccccc-cccc-cccc-cccc-cccccccccccc', 1000, 100),
  ('11111111-1111-1111-1111-111111111111', 'bddddddd-dddd-dddd-dddd-dddddddddddd', 1200, 120),
  ('11111111-1111-1111-1111-111111111111', 'beeeeeee-eeee-eeee-eeee-eeeeeeeeeeee', 100, 10)
ON CONFLICT (branch_id, ingredient_id) DO UPDATE SET stock = EXCLUDED.stock;

-- Демо-курьер
INSERT INTO public.couriers (id, name, phone, branch_id, is_active) VALUES
  ('e1111111-1111-1111-1111-111111111111', 'Демо Курьер', '+7 (999) 888-77-66', '11111111-1111-1111-1111-111111111111', true)
ON CONFLICT (id) DO NOTHING;

-- Демо-зона доставки
INSERT INTO public.delivery_zones (
  id, name, cost, min_order, free_from, is_active, sort_order, center_lat, center_lng, radius_km
) VALUES (
  'f1111111-1111-1111-1111-111111111111',
  'Демо-зона (весь город)',
  150,
  500,
  1500,
  true,
  1,
  55.7558,
  37.6173,
  15
)
ON CONFLICT (id) DO NOTHING;